Identifier,Site,Land_Use,Plot_Name,Subplot,Horizon,Soil_Moisture,Horizon_Depth,Bulk_Density,Soil_pH,total_C,total_N,Inorganic_P,C:N,C:P
MB41,Maliau Basin Conservation Area,Unlogged Forest,Belian,4,Organic,25.69,4,0.46,4.84,4.44,0.37,36.64,11.93,0.12
MB42,Maliau Basin Conservation Area,Unlogged Forest,Belian,4,Organic,39.79,2.5,0.76,4.95,7.65,0.55,33.2,13.83,0.23
MB43,Maliau Basin Conservation Area,Unlogged Forest,Belian,4,Organic,28.26,1,0.43,6,6.67,0.42,32.35,15.84,0.21
MB44,Maliau Basin Conservation Area,Unlogged Forest,Belian,4,Organic,32.05,2,0.32,5.47,3.9,0.3,31.86,13.1,0.12
MB45,Maliau Basin Conservation Area,Unlogged Forest,Belian,4,Organic,42.75,3.5,0.32,6.42,8.06,0.47,34.77,17.15,0.23
MB71,Maliau Basin Conservation Area,Unlogged Forest,Belian,7,Organic,24.06,1.5,0.82,4.82,5.71,0.37,22.91,15.55,0.25
MB72,Maliau Basin Conservation Area,Unlogged Forest,Belian,7,Organic,50.05,3,0.43,5.26,5.56,0.45,23.82,12.46,0.23
MB73,Maliau Basin Conservation Area,Unlogged Forest,Belian,7,Organic,19.48,2.5,0.57,5.92,5.26,0.41,14.23,12.68,0.37
MB74,Maliau Basin Conservation Area,Unlogged Forest,Belian,7,Organic,27.06,2.5,0.41,5.85,3.51,0.28,15.62,12.46,0.22
MB75,Maliau Basin Conservation Area,Unlogged Forest,Belian,7,Organic,21.93,3,0.46,5.97,4.45,0.37,16.08,12.02,0.28
MB91,Maliau Basin Conservation Area,Unlogged Forest,Belian,9,Organic,27.74,3.5,0.33,4.47,5.16,0.37,24.55,13.87,0.21
MB92,Maliau Basin Conservation Area,Unlogged Forest,Belian,9,Organic,35.74,3,0.21,4.93,5.23,0.34,20.03,15.4,0.26
MB93,Maliau Basin Conservation Area,Unlogged Forest,Belian,9,Organic,21.48,2,0.49,4.93,4.38,0.32,17.57,13.77,0.25
MB94,Maliau Basin Conservation Area,Unlogged Forest,Belian,9,Organic,26.44,2,0.27,5.06,5.18,0.42,20.5,12.48,0.25
MB95,Maliau Basin Conservation Area,Unlogged Forest,Belian,9,Organic,23.14,3.5,0.36,5.16,3.94,0.3,18.5,13.14,0.21
MB181,Maliau Basin Conservation Area,Unlogged Forest,Belian,18,Organic,33.46,3,0.26,4.96,9.86,0.55,54.69,17.98,0.18
MB182,Maliau Basin Conservation Area,Unlogged Forest,Belian,18,Organic,28.99,3.5,0.41,5.62,8.43,0.48,36.91,17.58,0.23
MB183,Maliau Basin Conservation Area,Unlogged Forest,Belian,18,Organic,28.6,3,0.28,5.87,7.18,0.52,29.8,13.91,0.24
MB184,Maliau Basin Conservation Area,Unlogged Forest,Belian,18,Organic,34.17,2,0.2,5.54,5.07,0.36,32.45,13.9,0.16
MB185,Maliau Basin Conservation Area,Unlogged Forest,Belian,18,Organic,38.75,3,0.17,5.65,4.54,0.34,17.62,13.21,0.26
MB221,Maliau Basin Conservation Area,Unlogged Forest,Belian,22,Organic,33.67,2.5,0.39,4.56,5.79,0.38,22,15.26,0.26
MB222,Maliau Basin Conservation Area,Unlogged Forest,Belian,22,Organic,18.96,2,0.69,4.92,4.99,0.35,27.37,14.34,0.18
MB223,Maliau Basin Conservation Area,Unlogged Forest,Belian,22,Organic,26.02,3.5,0.39,5.1,4.95,0.35,16.83,14.26,0.29
MB224,Maliau Basin Conservation Area,Unlogged Forest,Belian,22,Organic,33.1,3.5,0.29,5.6,3.47,0.28,43.05,12.21,0.08
MB225,Maliau Basin Conservation Area,Unlogged Forest,Belian,22,Organic,26.9,2.5,0.52,6.4,6.66,0.47,19.7,14.04,0.34
MS31,Maliau Basin Conservation Area,Unlogged Forest,Seraya,3,Organic,31.41,2,0.53,6.19,4.46,0.36,14.38,12.54,0.31
MS32,Maliau Basin Conservation Area,Unlogged Forest,Seraya,3,Organic,22.55,3.5,0.67,6.35,3.29,0.26,13.62,12.72,0.24
MS33,Maliau Basin Conservation Area,Unlogged Forest,Seraya,3,Organic,23.21,4,0.51,6.78,3.66,0.31,25.1,11.77,0.15
MS34,Maliau Basin Conservation Area,Unlogged Forest,Seraya,3,Organic,21.84,3,0.62,6.37,7.39,0.39,20.4,18.78,0.36
MS35,Maliau Basin Conservation Area,Unlogged Forest,Seraya,3,Organic,35.45,2.7,0.29,5.92,3.39,0.21,15.16,16.43,0.22
MS141,Maliau Basin Conservation Area,Unlogged Forest,Seraya,14,Organic,23.85,2.3,0.95,4.56,3.92,0.28,27.71,13.98,0.14
MS142,Maliau Basin Conservation Area,Unlogged Forest,Seraya,14,Organic,26.67,2,0.44,4.85,8.17,0.5,50.89,16.21,0.16
MS143,Maliau Basin Conservation Area,Unlogged Forest,Seraya,14,Organic,31.6,2.7,0.3,5.4,4.52,0.32,20.67,14.28,0.22
MS144,Maliau Basin Conservation Area,Unlogged Forest,Seraya,14,Organic,24.35,2,0.5,5.07,4.76,0.32,23.05,14.93,0.21
MS145,Maliau Basin Conservation Area,Unlogged Forest,Seraya,14,Organic,20.39,2,0.34,4.92,5.19,0.34,20.63,15.14,0.25
MS151,Maliau Basin Conservation Area,Unlogged Forest,Seraya,15,Organic,20.58,1,1.09,4.45,4.94,0.31,18.91,15.77,0.26
MS152,Maliau Basin Conservation Area,Unlogged Forest,Seraya,15,Organic,23.65,4.7,0.5,5.39,4.94,0.35,20.72,13.93,0.24
MS153,Maliau Basin Conservation Area,Unlogged Forest,Seraya,15,Organic,20.29,4.8,0.59,4.98,5.93,0.36,23.77,16.27,0.25
MS154,Maliau Basin Conservation Area,Unlogged Forest,Seraya,15,Organic,25,4,0.46,4.89,3.72,0.22,14.16,16.63,0.26
MS155,Maliau Basin Conservation Area,Unlogged Forest,Seraya,15,Organic,33.81,1.5,0.22,4.88,3.67,0.27,21.04,13.42,0.17
MS181,Maliau Basin Conservation Area,Unlogged Forest,Seraya,18,Organic,27.59,3,0.42,4.65,3.24,0.24,15,13.22,0.22
MS182,Maliau Basin Conservation Area,Unlogged Forest,Seraya,18,Organic,29.33,4.5,0.44,4.71,5.68,0.38,48.37,14.9,0.12
MS183,Maliau Basin Conservation Area,Unlogged Forest,Seraya,18,Organic,41.05,3.2,0.24,5.2,4.16,0.32,17.67,13.2,0.24
MS184,Maliau Basin Conservation Area,Unlogged Forest,Seraya,18,Organic,23.99,3,0.47,4.8,3.89,0.27,14.32,14.49,0.27
MS185,Maliau Basin Conservation Area,Unlogged Forest,Seraya,18,Organic,27.09,2,0.44,5.04,3.79,0.28,19.75,13.36,0.19
MS251,Maliau Basin Conservation Area,Unlogged Forest,Seraya,25,Organic,23.41,4,0.48,5.02,3.38,0.2,16.8,16.79,0.2
MS252,Maliau Basin Conservation Area,Unlogged Forest,Seraya,25,Organic,21,2.5,0.59,5.1,5.3,0.35,21.07,15.27,0.25
MS253,Maliau Basin Conservation Area,Unlogged Forest,Seraya,25,Organic,19.96,1.5,0.63,4.9,4.52,0.25,12.71,17.75,0.36
MS254,Maliau Basin Conservation Area,Unlogged Forest,Seraya,25,Organic,19.66,5.5,0.56,5.42,4.26,0.27,15.14,16.03,0.28
MS255,Maliau Basin Conservation Area,Unlogged Forest,Seraya,25,Organic,29.63,2.5,0.34,5.34,3.99,0.31,16.26,12.82,0.25
DV161,Danum Valley Conservation Area,Unlogged Forest,DV1,6,Organic,21.98,1,0.93,6.79,4.22,0.32,7.31,13.32,0.58
DV162,Danum Valley Conservation Area,Unlogged Forest,DV1,6,Organic,18.96,2.5,0.55,6.87,3.9,0.34,6.35,11.36,0.61
DV163,Danum Valley Conservation Area,Unlogged Forest,DV1,6,Organic,26.52,3,0.45,6.81,5.63,0.48,9.21,11.73,0.61
DV164,Danum Valley Conservation Area,Unlogged Forest,DV1,6,Organic,26.26,4,0.42,7.08,7.39,0.57,13.35,12.97,0.55
DV165,Danum Valley Conservation Area,Unlogged Forest,DV1,6,Organic,28.53,4,0.52,7.03,4.47,0.33,6.19,13.71,0.72
DV171,Danum Valley Conservation Area,Unlogged Forest,DV1,7,Organic,23.7,2.5,0.48,6.8,5.7,0.45,7.33,12.79,0.78
DV172,Danum Valley Conservation Area,Unlogged Forest,DV1,7,Organic,33.11,3,0.5,7,4.07,0.31,5.77,13.03,0.71
DV173,Danum Valley Conservation Area,Unlogged Forest,DV1,7,Organic,23.27,5.5,0.68,6.65,5.22,0.4,7.2,13.2,0.72
DV174,Danum Valley Conservation Area,Unlogged Forest,DV1,7,Organic,22.36,3.5,0.56,7.15,4.75,0.34,8.1,13.97,0.59
DV175,Danum Valley Conservation Area,Unlogged Forest,DV1,7,Organic,23.66,4,0.6,6.88,5.55,0.39,6.34,14.28,0.88
DV191,Danum Valley Conservation Area,Unlogged Forest,DV1,9,Organic,20.15,1.7,0.6,7.06,1.73,0.15,4.02,11.65,0.43
DV192,Danum Valley Conservation Area,Unlogged Forest,DV1,9,Organic,16.77,3.5,0.9,6.84,4.22,0.24,7.77,17.32,0.54
DV193,Danum Valley Conservation Area,Unlogged Forest,DV1,9,Organic,18.69,3.5,0.78,6.77,1.97,0.17,4.6,11.92,0.43
DV194,Danum Valley Conservation Area,Unlogged Forest,DV1,9,Organic,12.54,2.2,0.98,7.04,3.12,0.26,3.92,11.97,0.8
DV195,Danum Valley Conservation Area,Unlogged Forest,DV1,9,Organic,20.87,4,0.62,6.93,2.17,0.18,3.77,12.37,0.58
DV1221,Danum Valley Conservation Area,Unlogged Forest,DV1,22,Organic,27.43,4,0.51,5.63,8.13,0.48,26.5,16.82,0.31
DV1222,Danum Valley Conservation Area,Unlogged Forest,DV1,22,Organic,26.35,4.5,0.26,6.04,8.13,0.54,18.44,15.1,0.44
DV1223,Danum Valley Conservation Area,Unlogged Forest,DV1,22,Organic,26.27,3,0.46,6.18,14.12,0.81,31.28,17.48,0.45
DV1224,Danum Valley Conservation Area,Unlogged Forest,DV1,22,Organic,29.48,3.5,0.37,6.78,12.23,0.68,13.82,18.07,0.89
DV1225,Danum Valley Conservation Area,Unlogged Forest,DV1,22,Organic,30.14,4,0.39,6.76,6.07,0.43,13.3,14.1,0.46
DV1241,Danum Valley Conservation Area,Unlogged Forest,DV1,24,Organic,30.89,5,0.51,7.29,5.64,0.41,11.95,13.91,0.47
DV1242,Danum Valley Conservation Area,Unlogged Forest,DV1,24,Organic,26.76,4.2,0.52,6.62,3.13,0.26,6.8,11.94,0.46
DV1243,Danum Valley Conservation Area,Unlogged Forest,DV1,24,Organic,18.62,2,0.86,7.06,7.08,0.46,16.16,15.39,0.44
DV1244,Danum Valley Conservation Area,Unlogged Forest,DV1,24,Organic,23.28,3.5,0.62,7.42,9.55,0.7,12.85,13.62,0.74
DV1245,Danum Valley Conservation Area,Unlogged Forest,DV1,24,Organic,23.42,2.5,0.72,7.31,8.23,0.48,24.58,17.26,0.33
DV211,Danum Valley Conservation Area,Unlogged Forest,DV2,1,Organic,28.14,6,0.47,6.5,6.18,0.37,25.13,16.65,0.25
DV212,Danum Valley Conservation Area,Unlogged Forest,DV2,1,Organic,27.72,1,0.53,6.12,4.37,0.33,30.47,13.21,0.14
DV213,Danum Valley Conservation Area,Unlogged Forest,DV2,1,Organic,16.19,3,0.37,6.32,5.43,0.35,32.94,15.4,0.16
DV214,Danum Valley Conservation Area,Unlogged Forest,DV2,1,Organic,31.62,2.5,0.26,5.53,5.23,0.36,33.5,14.34,0.16
DV215,Danum Valley Conservation Area,Unlogged Forest,DV2,1,Organic,23.83,2,0.68,6,4.1,0.31,25,13.12,0.16
DV281,Danum Valley Conservation Area,Unlogged Forest,DV2,8,Organic,17.53,1.5,0.65,6.21,5.79,0.38,27.52,15.27,0.21
DV282,Danum Valley Conservation Area,Unlogged Forest,DV2,8,Organic,29.63,2,0.48,5.83,4.77,0.33,28.02,14.43,0.17
DV283,Danum Valley Conservation Area,Unlogged Forest,DV2,8,Organic,20.03,1.8,0.5,6.22,5.66,0.34,17.95,16.74,0.32
DV284,Danum Valley Conservation Area,Unlogged Forest,DV2,8,Organic,18.85,1.5,0.78,6.13,4.97,0.29,18.33,17.25,0.27
DV285,Danum Valley Conservation Area,Unlogged Forest,DV2,8,Organic,20.24,2.2,0.68,6.34,4.84,0.12,11.83,39.59,0.41
DV2201,Danum Valley Conservation Area,Unlogged Forest,DV2,20,Organic,17.39,2.5,0.37,6.32,4.87,0.33,6.33,14.74,0.77
DV2202,Danum Valley Conservation Area,Unlogged Forest,DV2,20,Organic,12.18,1.5,0.62,6.22,1.88,0.09,7.03,21.38,0.27
DV2203,Danum Valley Conservation Area,Unlogged Forest,DV2,20,Organic,18.13,1,0.94,6.73,3.1,0.19,15.54,16.35,0.2
DV2204,Danum Valley Conservation Area,Unlogged Forest,DV2,20,Organic,27.8,3,0.44,5.8,3.49,0.25,16.57,13.86,0.21
DV2205,Danum Valley Conservation Area,Unlogged Forest,DV2,20,Organic,12.64,2,0.3,5.92,2.59,0.18,10.72,14.38,0.24
DV2231,Danum Valley Conservation Area,Unlogged Forest,DV2,23,Organic,25.04,2,0.64,5.98,8.95,0.42,16.79,21.44,0.53
DV2232,Danum Valley Conservation Area,Unlogged Forest,DV2,23,Organic,33.11,4,0.43,5.99,4.48,0.22,17.1,20.31,0.26
DV2233,Danum Valley Conservation Area,Unlogged Forest,DV2,23,Organic,29.54,3,0.76,6.53,5.06,0.31,15.85,16.39,0.32
DV2234,Danum Valley Conservation Area,Unlogged Forest,DV2,23,Organic,29.7,5.5,0.7,6.36,2.74,0.16,15.29,16.85,0.18
DV2235,Danum Valley Conservation Area,Unlogged Forest,DV2,23,Organic,22.73,3.5,0.7,6.19,3.64,0.25,12.62,14.64,0.29
DV2241,Danum Valley Conservation Area,Unlogged Forest,DV2,24,Organic,26.65,4,0.39,5.87,3.62,0.24,19.4,15.22,0.19
DV2242,Danum Valley Conservation Area,Unlogged Forest,DV2,24,Organic,29.12,2,0.48,5.99,3.34,0.24,19.28,13.78,0.17
DV2243,Danum Valley Conservation Area,Unlogged Forest,DV2,24,Organic,22.9,4.5,0.43,6.08,2.54,0.19,17.48,13.64,0.15
DV2244,Danum Valley Conservation Area,Unlogged Forest,DV2,24,Organic,20.8,1.5,0.69,6.58,1.81,0.09,11.35,19.63,0.16
DV2245,Danum Valley Conservation Area,Unlogged Forest,DV2,24,Organic,26.32,4,0.45,6.34,4.45,0.27,19.95,16.47,0.22
SBN121,SAFE Project - Kalabakan Forest Reserve,Logged Forest,B North,12,Organic,34.1,2.5,0.53,5.19,3.32,0.23,11.78,14.42,0.28
SBN122,SAFE Project - Kalabakan Forest Reserve,Logged Forest,B North,12,Organic,24.02,6.5,0.79,5.72,4.95,0.31,16.38,15.8,0.3
SBN123,SAFE Project - Kalabakan Forest Reserve,Logged Forest,B North,12,Organic,29.02,4,0.54,5.62,3.63,0.25,12.24,14.34,0.3
SBN124,SAFE Project - Kalabakan Forest Reserve,Logged Forest,B North,12,Organic,30.19,4,0.77,5.05,7.21,0.45,19.36,16.12,0.37
SBN125,SAFE Project - Kalabakan Forest Reserve,Logged Forest,B North,12,Organic,26.92,7.5,0.77,4.75,6.06,0.35,36.25,17.47,0.17
SBN181,SAFE Project - Kalabakan Forest Reserve,Logged Forest,B North,18,Organic,25.65,4.5,0.77,4.82,3.87,0.25,20.41,15.3,0.19
SBN182,SAFE Project - Kalabakan Forest Reserve,Logged Forest,B North,18,Organic,25.78,4,0.76,5.4,4.73,0.32,20.17,14.62,0.23
SBN183,SAFE Project - Kalabakan Forest Reserve,Logged Forest,B North,18,Organic,32.61,2.7,0.58,5.31,3.79,0.28,13.96,13.45,0.27
SBN184,SAFE Project - Kalabakan Forest Reserve,Logged Forest,B North,18,Organic,27.44,2,0.62,5.37,5.22,0.33,14.28,15.93,0.37
SBN185,SAFE Project - Kalabakan Forest Reserve,Logged Forest,B North,18,Organic,32.35,4.5,0.55,5,6.57,0.39,17.3,16.68,0.38
SBN221,SAFE Project - Kalabakan Forest Reserve,Logged Forest,B North,22,Organic,30.26,5.5,0.78,5.87,6.51,0.35,23.79,18.59,0.27
SBN222,SAFE Project - Kalabakan Forest Reserve,Logged Forest,B North,22,Organic,32.01,8.5,1.02,6.47,1.99,0.1,13,19.46,0.15
SBN223,SAFE Project - Kalabakan Forest Reserve,Logged Forest,B North,22,Organic,35.96,3.5,0.69,6.68,3.71,0.26,12.55,14.08,0.3
SBN224,SAFE Project - Kalabakan Forest Reserve,Logged Forest,B North,22,Organic,35.59,4,0.93,5.94,4.85,0.32,28.63,15.39,0.17
SBN225,SAFE Project - Kalabakan Forest Reserve,Logged Forest,B North,22,Organic,32.79,9.5,1.1,6.44,4.33,0.27,22.55,15.92,0.19
SBN241,SAFE Project - Kalabakan Forest Reserve,Logged Forest,B North,24,Organic,34.23,3,0.67,5.36,4.72,0.36,14.25,13.14,0.33
SBN242,SAFE Project - Kalabakan Forest Reserve,Logged Forest,B North,24,Organic,31.59,9.5,0.64,5.99,5.22,0.36,13.21,14.48,0.39
SBN243,SAFE Project - Kalabakan Forest Reserve,Logged Forest,B North,24,Organic,27.63,4.5,0.63,5.46,5.59,0.36,17.06,15.32,0.33
SBN244,SAFE Project - Kalabakan Forest Reserve,Logged Forest,B North,24,Organic,36.56,7,0.7,6.45,6.75,0.44,20.49,15.19,0.33
SBN245,SAFE Project - Kalabakan Forest Reserve,Logged Forest,B North,24,Organic,25.13,8,0.92,5.78,3.19,0.25,13.14,12.92,0.24
SBN251,SAFE Project - Kalabakan Forest Reserve,Logged Forest,B North,25,Organic,32.03,4,0.69,5.66,4.98,0.35,10.15,14.16,0.49
SBN252,SAFE Project - Kalabakan Forest Reserve,Logged Forest,B North,25,Organic,34.68,7,0.49,5.57,3.84,0.29,7.29,13.07,0.53
SBN253,SAFE Project - Kalabakan Forest Reserve,Logged Forest,B North,25,Organic,22.92,2,0.78,5.56,3.29,0.28,6.62,11.75,0.5
SBN254,SAFE Project - Kalabakan Forest Reserve,Logged Forest,B North,25,Organic,32.91,5,0.88,5.2,6.66,0.39,15.09,16.95,0.44
SBN255,SAFE Project - Kalabakan Forest Reserve,Logged Forest,B North,25,Organic,29,4.5,0.53,5.64,4.69,0.3,10.33,15.67,0.45
SBS11,SAFE Project - Kalabakan Forest Reserve,Logged Forest,B South,1,Organic,46.84,4.5,0.65,5.9,5.64,0.46,29.11,12.28,0.19
SBS12,SAFE Project - Kalabakan Forest Reserve,Logged Forest,B South,1,Organic,29.15,6.5,0.98,6.2,6.4,0.54,19.68,11.94,0.33
SBS13,SAFE Project - Kalabakan Forest Reserve,Logged Forest,B South,1,Organic,30.97,6.5,0.7,6.52,4.36,0.31,19.39,14.01,0.22
SBS14,SAFE Project - Kalabakan Forest Reserve,Logged Forest,B South,1,Organic,26.9,6,0.52,6.5,6.51,0.43,34.21,15.16,0.19
SBS15,SAFE Project - Kalabakan Forest Reserve,Logged Forest,B South,1,Organic,38.69,6,0.82,6.32,10.26,0.7,37.74,14.63,0.27
SBS61,SAFE Project - Kalabakan Forest Reserve,Logged Forest,B South,6,Organic,25.72,5,0.78,4.66,5.35,0.34,13.33,15.81,0.4
SBS62,SAFE Project - Kalabakan Forest Reserve,Logged Forest,B South,6,Organic,21.16,4.5,0.81,5.29,13.97,0.71,59.63,19.57,0.23
SBS63,SAFE Project - Kalabakan Forest Reserve,Logged Forest,B South,6,Organic,20.42,5,0.92,4.32,8.05,0.47,24.29,17.11,0.33
SBS64,SAFE Project - Kalabakan Forest Reserve,Logged Forest,B South,6,Organic,28.97,3.5,0.93,5.4,4.76,0.39,25.22,12.2,0.19
SBS65,SAFE Project - Kalabakan Forest Reserve,Logged Forest,B South,6,Organic,28.3,3,0.48,5.25,5.01,0.41,29.04,12.27,0.17
SBS151,SAFE Project - Kalabakan Forest Reserve,Logged Forest,B South,15,Organic,38.73,3,0.54,6.05,6.85,0.53,20.88,12.95,0.33
SBS152,SAFE Project - Kalabakan Forest Reserve,Logged Forest,B South,15,Organic,23.44,5.5,0.94,5.82,4.46,0.39,13.85,11.59,0.32
SBS153,SAFE Project - Kalabakan Forest Reserve,Logged Forest,B South,15,Organic,27.66,3.5,0.56,6.37,4.67,0.43,8.83,10.83,0.53
SBS154,SAFE Project - Kalabakan Forest Reserve,Logged Forest,B South,15,Organic,27.74,4,0.93,6.49,5.38,0.43,13.11,12.41,0.41
SBS155,SAFE Project - Kalabakan Forest Reserve,Logged Forest,B South,15,Organic,26.3,2.5,0.4,5.65,3.55,0.32,9.89,10.96,0.36
SBS181,SAFE Project - Kalabakan Forest Reserve,Logged Forest,B South,18,Organic,40.17,6,0.59,5.59,5.25,0.4,19.92,13.15,0.26
SBS182,SAFE Project - Kalabakan Forest Reserve,Logged Forest,B South,18,Organic,32.67,7,0.94,6.3,15.16,0.95,55.47,16.02,0.27
SBS183,SAFE Project - Kalabakan Forest Reserve,Logged Forest,B South,18,Organic,65.1,7.5,0.76,7.14,5.47,0.44,19.35,12.39,0.28
SBS184,SAFE Project - Kalabakan Forest Reserve,Logged Forest,B South,18,Organic,36.31,5,0.56,6.93,7.92,0.56,42.81,14.16,0.19
SBS185,SAFE Project - Kalabakan Forest Reserve,Logged Forest,B South,18,Organic,43.6,3,0.54,6.63,13.39,0.78,44.64,17.08,0.3
SBS191,SAFE Project - Kalabakan Forest Reserve,Logged Forest,B South,19,Organic,27,1,0.79,6.57,5.21,0.38,22.7,13.84,0.23
SBS192,SAFE Project - Kalabakan Forest Reserve,Logged Forest,B South,19,Organic,36.89,1.5,0.59,5.26,6.09,0.43,27.54,14.05,0.22
SBS193,SAFE Project - Kalabakan Forest Reserve,Logged Forest,B South,19,Organic,21.8,2,0.68,5.13,3.74,0.33,11.13,11.23,0.34
SBS194,SAFE Project - Kalabakan Forest Reserve,Logged Forest,B South,19,Organic,31.38,1,0.96,5.75,6.89,0.47,38.54,14.74,0.18
SBS195,SAFE Project - Kalabakan Forest Reserve,Logged Forest,B South,19,Organic,45.72,2.5,0.5,5.62,4.59,0.36,23.65,12.88,0.19
SE31,SAFE Project - Kalabakan Forest Reserve,Logged Forest,E,3,Organic,14.89,2,1.33,4.48,4.13,0.41,30.97,10.08,0.13
SE32,SAFE Project - Kalabakan Forest Reserve,Logged Forest,E,3,Organic,19.14,7.5,0.93,4.86,3.68,0.26,18.83,14.12,0.2
SE33,SAFE Project - Kalabakan Forest Reserve,Logged Forest,E,3,Organic,15.49,4,0.99,4.85,3.06,0.24,16.58,12.92,0.18
SE34,SAFE Project - Kalabakan Forest Reserve,Logged Forest,E,3,Organic,12.97,2,1.13,5.02,5.75,0.33,33.33,17.69,0.17
SE35,SAFE Project - Kalabakan Forest Reserve,Logged Forest,E,3,Organic,13.34,4.5,1.07,4.7,2.76,0.21,19.74,12.88,0.14
SE61,SAFE Project - Kalabakan Forest Reserve,Logged Forest,E,6,Organic,23.28,3.8,1.05,4.47,5.16,0.33,33.82,15.46,0.15
SE62,SAFE Project - Kalabakan Forest Reserve,Logged Forest,E,6,Organic,18.16,6.5,0.91,4.76,3.6,0.24,25.8,15.17,0.14
SE63,SAFE Project - Kalabakan Forest Reserve,Logged Forest,E,6,Organic,34.99,5,0.8,4.84,3.75,0.3,22.14,12.59,0.17
SE64,SAFE Project - Kalabakan Forest Reserve,Logged Forest,E,6,Organic,14.79,4.5,0.9,4.82,4.74,0.29,33.95,16.46,0.14
SE65,SAFE Project - Kalabakan Forest Reserve,Logged Forest,E,6,Organic,18.01,5,0.7,5.12,3.31,0.27,22.07,12.2,0.15
SE121,SAFE Project - Kalabakan Forest Reserve,Logged Forest,E,12,Organic,21.17,2,1.29,4.61,4.5,0.3,29.9,15.12,0.15
SE122,SAFE Project - Kalabakan Forest Reserve,Logged Forest,E,12,Organic,16.65,7.5,0.9,4.69,3.64,0.25,25.54,14.54,0.14
SE123,SAFE Project - Kalabakan Forest Reserve,Logged Forest,E,12,Organic,16.88,4.5,1.08,4.54,5.21,0.34,30.06,15.2,0.17
SE124,SAFE Project - Kalabakan Forest Reserve,Logged Forest,E,12,Organic,25.11,3.5,0.71,5.13,4.64,0.31,18.23,14.82,0.25
SE125,SAFE Project - Kalabakan Forest Reserve,Logged Forest,E,12,Organic,19.48,6,0.8,4.77,1.9,0.15,23.51,12.31,0.08
SE201,SAFE Project - Kalabakan Forest Reserve,Logged Forest,E,20,Organic,20.56,6,0.99,4.34,3.55,0.19,19.31,18.9,0.18
SE202,SAFE Project - Kalabakan Forest Reserve,Logged Forest,E,20,Organic,10.84,2.5,0.89,4.31,5.83,0.32,24.81,18.03,0.23
SE203,SAFE Project - Kalabakan Forest Reserve,Logged Forest,E,20,Organic,26.91,3,1.24,4.47,4.82,0.27,21.36,17.7,0.23
SE204,SAFE Project - Kalabakan Forest Reserve,Logged Forest,E,20,Organic,22.46,4.5,0.88,4.92,3.27,0.2,15.32,16.2,0.21
SE205,SAFE Project - Kalabakan Forest Reserve,Logged Forest,E,20,Organic,30.02,6,0.69,4.81,3.67,0.38,15.93,9.68,0.23
SE241,SAFE Project - Kalabakan Forest Reserve,Logged Forest,E,24,Organic,34.85,3.5,0.94,4.3,5.95,0.37,21.21,16.18,0.28
SE242,SAFE Project - Kalabakan Forest Reserve,Logged Forest,E,24,Organic,18.87,5,0.91,5.21,2.11,0.15,11.35,13.9,0.19
SE243,SAFE Project - Kalabakan Forest Reserve,Logged Forest,E,24,Organic,27.41,3.5,0.77,5.25,3.45,0.2,13.74,17.45,0.25
SE244,SAFE Project - Kalabakan Forest Reserve,Logged Forest,E,24,Organic,17.98,4.5,0.73,5.33,3.48,0.23,15.32,15.28,0.23
SE245,SAFE Project - Kalabakan Forest Reserve,Logged Forest,E,24,Organic,20.72,4,0.83,5.04,3.45,0.22,26.36,15.4,0.13
SLF41,SAFE Project - Kalabakan Forest Reserve,Logged Forest,LF,4,Organic,56.23,6,0.75,3.22,25.04,1.15,97.33,21.72,0.26
SLF42,SAFE Project - Kalabakan Forest Reserve,Logged Forest,LF,4,Organic,40.44,9,0.63,4.37,16.07,0.84,91.95,19.07,0.17
SLF43,SAFE Project - Kalabakan Forest Reserve,Logged Forest,LF,4,Organic,26.42,6,1.03,4.78,7.19,0.36,75.04,20.04,0.1
SLF44,SAFE Project - Kalabakan Forest Reserve,Logged Forest,LF,4,Organic,37.13,5,0.69,3.91,23.65,0.94,80.96,25.19,0.29
SLF45,SAFE Project - Kalabakan Forest Reserve,Logged Forest,LF,4,Organic,47.59,4,0.53,4.75,8.2,0.45,71.82,18.25,0.11
SLF71,SAFE Project - Kalabakan Forest Reserve,Logged Forest,LF,7,Organic,35.02,3,1.84,3.91,14.47,0.73,84.46,19.94,0.17
SLF72,SAFE Project - Kalabakan Forest Reserve,Logged Forest,LF,7,Organic,31.35,5,0.66,4.18,33.45,1.49,134.25,22.43,0.25
SLF73,SAFE Project - Kalabakan Forest Reserve,Logged Forest,LF,7,Organic,28.09,7,0.64,4.52,30.21,1.43,99.27,21.11,0.3
SLF74,SAFE Project - Kalabakan Forest Reserve,Logged Forest,LF,7,Organic,47.63,6,0.75,4.93,7.51,0.38,51.38,19.56,0.15
SLF75,SAFE Project - Kalabakan Forest Reserve,Logged Forest,LF,7,Organic,40.47,7.5,0.5,5.13,6.1,0.34,47.17,17.7,0.13
SLF121,SAFE Project - Kalabakan Forest Reserve,Logged Forest,LF,12,Organic,31.1,6,1.07,4.19,7.68,0.44,59.02,17.61,0.13
SLF122,SAFE Project - Kalabakan Forest Reserve,Logged Forest,LF,12,Organic,34.64,6,1.12,5.01,5.32,0.33,36.14,15.89,0.15
SLF123,SAFE Project - Kalabakan Forest Reserve,Logged Forest,LF,12,Organic,41.54,4.5,0.39,4.56,8.04,0.44,62.76,18.28,0.13
SLF124,SAFE Project - Kalabakan Forest Reserve,Logged Forest,LF,12,Organic,32.01,5.5,0.9,3.91,29.93,1.13,88.36,26.38,0.34
SLF125,SAFE Project - Kalabakan Forest Reserve,Logged Forest,LF,12,Organic,33.58,8,0.7,4.47,11.66,0.48,31,24.53,0.38
SLF131,SAFE Project - Kalabakan Forest Reserve,Logged Forest,LF,13,Organic,60.09,5.5,0.5,3.47,22.04,0.8,67.28,27.4,0.33
SLF132,SAFE Project - Kalabakan Forest Reserve,Logged Forest,LF,13,Organic,42.35,9.5,0.83,4.83,4.91,0.26,18.71,18.82,0.26
SLF133,SAFE Project - Kalabakan Forest Reserve,Logged Forest,LF,13,Organic,36.35,5.5,0.84,4.46,19.61,0.97,89.03,20.18,0.22
SLF134,SAFE Project - Kalabakan Forest Reserve,Logged Forest,LF,13,Organic,49.99,7,0.63,4.17,22.35,0.96,79.39,23.2,0.28
SLF135,SAFE Project - Kalabakan Forest Reserve,Logged Forest,LF,13,Organic,48.63,5,0.61,4.81,9.32,0.5,59.43,18.61,0.16
SLF241,SAFE Project - Kalabakan Forest Reserve,Logged Forest,LF,24,Organic,18.46,3,0.78,4.76,3.78,0.24,15.65,15.7,0.24
SLF242,SAFE Project - Kalabakan Forest Reserve,Logged Forest,LF,24,Organic,24.96,3.5,0.54,4.95,5.59,0.29,19.93,19.16,0.28
SLF243,SAFE Project - Kalabakan Forest Reserve,Logged Forest,LF,24,Organic,27.34,5.5,0.81,5.12,5.39,0.34,13.4,15.76,0.4
SLF244,SAFE Project - Kalabakan Forest Reserve,Logged Forest,LF,24,Organic,32.43,6.5,0.95,4.68,9.89,0.51,24.14,19.36,0.41
SLF245,SAFE Project - Kalabakan Forest Reserve,Logged Forest,LF,24,Organic,27.86,7.5,0.79,4.85,5.39,0.34,21.91,15.99,0.25
SOP11,SAFE Project - Kalabakan Forest Reserve,Oil Palm,OP,1,Organic,15.53,3.5,0.82,4.81,2.18,0.22,35.58,9.84,0.06
SOP12,SAFE Project - Kalabakan Forest Reserve,Oil Palm,OP,1,Organic,25.05,5,1.03,5.84,2.44,0.18,69.91,13.24,0.03
SOP13,SAFE Project - Kalabakan Forest Reserve,Oil Palm,OP,1,Organic,21.06,2,0.8,5.06,2.38,0.25,112.61,9.43,0.02
SOP14,SAFE Project - Kalabakan Forest Reserve,Oil Palm,OP,1,Organic,12.64,2,0.7,6,0.83,0.12,7.2,6.65,0.12
SOP15,SAFE Project - Kalabakan Forest Reserve,Oil Palm,OP,1,Organic,13.94,2,1.25,5.48,1.06,0.12,10.62,8.74,0.1
SOP21,SAFE Project - Kalabakan Forest Reserve,Oil Palm,OP,2,Organic,7.93,1,1.48,5.9,10.63,0.76,219.9,13.94,0.05
SOP22,SAFE Project - Kalabakan Forest Reserve,Oil Palm,OP,2,Organic,10.38,0.2,1.55,6.48,7.48,0.7,96.51,10.64,0.08
SOP23,SAFE Project - Kalabakan Forest Reserve,Oil Palm,OP,2,Organic,8.04,0.5,1.34,6.7,10.37,1.27,571.25,8.16,0.02
SOP24,SAFE Project - Kalabakan Forest Reserve,Oil Palm,OP,2,Organic,13.02,1.5,0.58,6.22,4.86,0.38,280.8,12.7,0.02
SOP25,SAFE Project - Kalabakan Forest Reserve,Oil Palm,OP,2,Organic,9.81,1,0.99,5.69,2.54,0.27,32.82,9.34,0.08
SOP61,SAFE Project - Kalabakan Forest Reserve,Oil Palm,OP,6,Organic,21.13,4,1.13,5.84,4.34,0.32,48.16,13.43,0.09
SOP63,SAFE Project - Kalabakan Forest Reserve,Oil Palm,OP,6,Organic,9.22,0.5,1.51,6.41,6.38,0.54,74.85,11.92,0.09
SOP64,SAFE Project - Kalabakan Forest Reserve,Oil Palm,OP,6,Organic,19.3,3.5,0.89,5.34,3.63,0.32,307.94,11.42,0.01
SOP65,SAFE Project - Kalabakan Forest Reserve,Oil Palm,OP,6,Organic,21.91,0.5,0.97,6.41,4.22,0.42,8.4,10.13,0.5
SOP81,SAFE Project - Kalabakan Forest Reserve,Oil Palm,OP,8,Organic,11.48,0.5,1.34,5.52,2.92,0.33,21.58,8.76,0.14
SOP82,SAFE Project - Kalabakan Forest Reserve,Oil Palm,OP,8,Organic,20.52,4,0.78,5.63,5.03,0.46,101.27,10.94,0.05
SOP83,SAFE Project - Kalabakan Forest Reserve,Oil Palm,OP,8,Organic,19.62,2.5,0.54,5.8,3.25,0.3,35.67,10.89,0.09
SOP85,SAFE Project - Kalabakan Forest Reserve,Oil Palm,OP,8,Organic,12.96,1.5,0.73,6.43,5.73,0.47,49.46,12.07,0.12
SOP91,SAFE Project - Kalabakan Forest Reserve,Oil Palm,OP,9,Organic,11.66,1,1.43,7.23,6.95,0.49,78.5,14.07,0.09
SOP92,SAFE Project - Kalabakan Forest Reserve,Oil Palm,OP,9,Organic,7.62,1,1.4,6.18,5.07,0.35,99.79,14.5,0.05
SOP93,SAFE Project - Kalabakan Forest Reserve,Oil Palm,OP,9,Organic,12.26,3,0.8,6.63,2.79,0.23,48.31,12.08,0.06
SOP94,SAFE Project - Kalabakan Forest Reserve,Oil Palm,OP,9,Organic,10.83,5.5,1.07,6.53,6.06,0.43,126.75,13.94,0.05
